n_gen;n_evals;n_nds;eps
1;20;1;0.0
2;40;1;48778.09835711308
3;60;2;0.0
4;80;1;41809.55574468896
5;100;3;0.0
6;120;8;0.0
7;140;20;0.0
8;160;20;0.0
9;180;20;0.0
10;200;20;0.0
