n_gen;n_evals;n_nds;eps
1;20;1;0.0
2;40;1;103617.89278291911
3;60;2;0.0
4;80;1;86801.8458367344
5;100;3;0.0
6;120;8;0.0
7;140;20;0.0
8;160;20;0.0
9;180;20;0.0
10;200;20;0.0
