n_gen;n_evals;n_nds;eps
1;20;1;0.0
2;40;1;400.657786604017
3;60;1;8948.596315201372
4;80;1;2819.7623730562627
5;100;1;0.0
6;120;1;8439.608717475086
7;140;2;0.0
8;160;6;0.0
9;180;16;0.0
10;200;20;0.0
