n_gen;n_evals;n_nds;eps
1;20;1;0.0
2;40;1;47100.90289072506
3;60;2;0.0
4;80;1;163.23616316914558
5;100;1;42835.35734349489
6;120;1;0.0
7;140;2;0.0
8;160;3;0.0
9;180;6;0.0
10;200;16;0.0
