n_gen;n_evals;n_nds;eps
1;20;1;0.0
2;40;1;82102.4855480846
3;60;2;0.0
4;80;6;0.0
5;100;1;68111.43809245527
6;120;1;27317.148330314085
7;140;2;0.0
8;160;4;0.0
9;180;13;0.0
10;200;20;0.0
